接受捐赠原材料的核算,"　　1．接受捐赠的原材料
　　借：原材料(计划成本)
　　材料成本差异
　　　贷：递延税款(按照确定的实际成本与现行税率的乘积)
　　　　　资本公积(按照确定的实际成本减去未来应交所得税后的余额)
　　　　　银行存款(实际支付的相关税费)
　　　　　材料成本差异
 =""---: ""　　2．外商投资企业接受捐赠的原材料
　　借：原材料(计划成本)
　　　　材料成本差异
　　　贷：待转资产价值(按照确定的实际成本)
　　　　　银行存款(实际支付的相关税费)
　　　　　材料成本差异"
接受债务人以非现金资产抵偿债务方式取得的短期投资的核算,"　　接受的债务人以非现金资产抵偿债务方式取得的短期投资，或以应收债权换入短期投资
　　借：短期投资──股票、债券、基金(应收债权的账面价值加上应支付的相关税费)
　　　　坏账准备(应收债权已计提的坏账准备)
　　　贷：应收账款(应收债权的账面余额)
　　　　　银行存款(支付的相关费用)
　　　　　应交税金(应交的相关税金)
　　如果所接受的短期投资中包含已宣告但尚未领取的现金股利，或已到付息期但尚未领取的债券利息
　　借：短期投资──股票、债券、基金(应收债权的账面价值加上应支付的相关税费，减去应收股利或应收利息后的余额)
　　　　应收股利
　　　　应收利息
　　　　坏账准备
　　　贷：应收账款(应收债权的账面余额)
　　　　　银行存款
　　　　　应交税金
　　如果涉及补价的，收到补价的企业
　　借：短期投资──股票、债券、基金(应收债权的账面价值减去补价加上应支付的相关税费)
　　　　银行存款(收到的补价)
　　　　坏账准备
　　　贷：应收账款(应收债权的账面余额)
　　　　　银行存款(支付的相关费用)
　　　　　应交税金(应交的相关税金)
　　　　　支付补价的企业
　　借：短期投资──股票、债券、基金(应收债权的账面价值加上支付的补价和应支付的相关税费)
　　坏账准备
　　　贷：应收账款(应收债权的账面余额)
　　　　　银行存款(支付的补价和相关费用)
　　　　　应交税金(应交的相关税金)"
投资者投入原材料的核算," =""---: ""　　投资者投入的原材料
　　借：原材料(计划成本)
　　　　应交税金──应交增值税(进项税额)
　　材料成本差异(计划成本小于投资各方确认的价值的差额)
　　　贷：实收资本(或股本)(投资各方确认的价值)
　　　材料成本差异(计划成本大于投资各方确认的价值的差额)"
自制原材料的核算,"　　自制并已验收入库的原材料
　　借：原材料
　　　贷：生产成本
　　同时，结转材料成本差异，实际成本大于计划成本的差异
　　借：材料成本差异
　　　贷：生产成本
　　实际成本小于计划成本的差异
　　借：生产成本
　　　贷：材料成本差异
　　委托外单位加工完成并已验收入库的原材料
　　借：原材料(计划成本)
　　　　材料成本差异(实际成本大于计划成本的差异)
　　　贷：委托加工物资(实际成本)
　　　　　材料成本差异(实际成本小于计划成本的差异)
"
金融企业的长期股权投资采用权益法核算时，如何处理？,"　　一、根据《财政部关于印发〈金融企业会计制度〉的通知》（财会〔2001〕49号）第十六条第四款规定：采用权益法核算时，投资最初以初始投资成本计量，以后根据投资企业享有被投资单位所有者权益份额的变动，对投资的账面价值进行调整。 
　　（一）采用权益法核算时，初始投资成本与应享有被投资单位所有者权益份额之间的差额，作为股权投资差额处理，按一定期限平均摊销，计入损益。 
股权投资差额的摊销期限，合同规定了投资期限的，按投资期限摊销。合同没有规定投资期限的，初始投资成本超过应享有被投资单位所有者权益份额之间的差额，按不超过10年 的期限摊销；初始投资成本低于应享有被投资单位所有者权益份额之间的差额，按不低于10 年的期限摊销。 
　　（二）采用权益法核算时，应当在取得股权投资后，按应享有或应分担的被投资单位当年实现的净利润或发生的净亏损的份额（法律、法规或公司章程规定不属于投资企业的净利润除外），调整投资的账面价值，并作为当期投资损益。金融企业按被投资单位宣告分派 的利润或现金股利计算应分得的部分，减少投资的账面价值。金融企业在确认被投资单位发生的净亏损时，应以投资账面价值减记至零为限；如果被投资单位以后各期实现净利润，投资的企业应在计算的收益分享额超过未确认的亏损分担额以后，按超过未确认的亏损分担额的金额，恢复投资的账面价值。 
　　金融企业按被投资单位净损益计算调整投资的账面价值和确认投资损益时，应当以取得 被投资单位股权后发生的净损益为基础。对被投资单位除净损益以外的所有者权益的其他变动，也应当根据具体情况调整投资的账面价值。 
　　（三）因追加投资等原因对长期股权投资的核算从成本法改为权益法，应当自实际取得对被投资单位控制、共同控制或对被投资单位实施重大影响时，按经追溯调整后股权投资的账面价值加上追加投资成本作为初始投资成本，初始投资成本与应享有被投资单位所有者权益份额的差额，作为股权投资差额，并按本制度的规定摊销，计入损益。 
　　金融企业因减少投资等原因对被投资单位不再具有控制、共同控制或重大影响时，应当中止采用权益法核算，改按成本法核算，并按投资的账面价值作为新的投资成本。其后，被投资单位宣告分派利润或现金股利时，属于已记入投资账面价值的部分，作为新的投资成本的收回，冲减投资成本。
　　二、根据《财政部关于印发〈企业会计准则--应用指南〉的通知》（财会〔2006〕18号）一、资产类--1511长期股权投资的规定：（三）采用权益法核算的长期股权投资： 
　　1．长期股权投资的初始投资成本大于投资时应享有被投资单位可辨认净资产公允价值份额的，不调整已确认的初始投资成本。长期股权投资的初始投资成本小于投资时应享有被投资单位可辨认净资产公允价值份额的，应按其差额，借记本科目（成本），贷记营业外收入科目。 
　　2．根据被投资单位实现的净利润或经调整的净利润计算应享有的份额，借记本科目（损益调整），贷记投资收益科目。被投资单位发生净亏损做相反的会计分录，但以本科目的账面价值减记至零为限；还需承担的投资损失，应将其他实质上构成对被投资单位净投资的长期应收款等的账面价值减记至零为限；除按照以上步骤已确认的损失外，按照投资合同或协议约定将承担的损失，确认为预计负债。发生亏损的被投资单位以后实现净利润的，应按与上述相反的顺序进行处理。 
　　被投资单位以后宣告发放现金股利或利润时，企业计算应分得的部分，借记应收股利科目，贷记本科目（损益调整）。收到被投资单位宣告发放的股票股利，不进行账务处理，但应在备查簿中登记。
　　3．在持股比例不变的情况下，被投资单位除净损益以外所有者权益的其他变动，企业按持股比例计算应享有的份额，借记或贷记本科目"""
金融企业什么情况下需要计提坏账准备，如何计提？,"　　一、根据《财政部关于印发〈金融企业会计制度〉的通知》（财会〔2001〕49号）第四十七条规定：金融企业应当在期末分析各项应收款项（含拆出资金、应收保费等，但不包括贷款的应收利息）的可收回性，并预计可能产生的坏账损失。　　　　　　 
　　对预计可能发生的坏账损失，计提坏账准备。计提坏账准备的方法由金融企业自行确定。金融企业应当制定计提坏账准备的政策，明确计提坏账准备的范围、提取方法、账龄的划分和提取比例，按照法律、行政法规的规定报有关各方备案，并备置于金融企业所在地。坏账准备提取方法一经确定，不得随意变更。如需变更，应当在会计报表附注中予以说明。
　　在确定坏账准备的计提比例时，应当根据以往的经验、债务单位的实际财务状况和现金流量等相关信息予以合理估计。除有确凿证据表明该项应收款项不能够收回或收回的可能性不大外（如债务单位已撤销、破产、资不抵债、现金流量严重不足、发生严重的自然灾害等导致停产而在短时间内无法偿付债务等，以及3年以上的应收款项），下列各种情况不能全额提取坏账准备： 
　 （一） 当年发生的应收款项； 
　 （二）计划对应收款项进行重组； 
　 （三）与关联方发生的应收款项； 
　 （四）其他已逾期，但无确凿证据表明不能收回的应收款项。
　　二、根据《财政部关于印发企业会计准则--应用指南的通知》（财会〔2006〕18号）中一、资产类--1231坏账准备的规定：
　 （一）资产负债表日，应收款项发生减值的，按应减记的金额，借记资产减值损失科目，贷记本科目。本期应计提的坏账准备大于其账面余额的，应按其差额计提；应计提的坏账准备小于其账面余额的差额做相反的会计分录。
　 （二）对于确实无法收回的应收款项，按管理权限报经批准后作为坏账，转销应收款项，借记本科目，贷记应收票据、应收账款、预付账款、应收分保账款、其他应收款、长期应收款等科目。
　 （三）已确认并转销的应收款项以后又收回的，应按实际收回的金额，借记应收票据、应收账款、预付账款、应收分保账款、其他应收款、长期应收款等科目，贷记本科目；同时，借记银行存款科目，贷记应收票据、应收账款、预付账款、应收分保账款、其他应收款、长期应收款等科目。
　　对于已确认并转销的应收款项以后又收回的，也可以按照实际收回的金额，借记银行存款科目，贷记本科目。"
存货跌价准备的核算," =""---: ""　　提取存货跌价准备
　　借：管理费用──计提的存货跌价准备(可变现净值低于成本的差额)
　　　贷：存货跌价准备
　　已计提跌价准备的存货的价值以后又得以恢复，应按恢复增加的数额
　　借：存货跌价准备
　　　贷：管理费用──计提的存货跌价准备
当已计提跌价准备的存货的价值以后又得以恢复，其冲减的准备金额，应以本科目的余额冲减至零为限。"
符合哪些条件可以确认为金融企业的固定资产？,"　 根据《财政部关于印发〈金融企业会计制度〉的通知》（财会〔2001〕49号）第十九条规定；金融企业的固定资产，是指同时具有以下特征的有形资产： 
　（一）为生产商品、提供劳务、出租或经营管理而持有的； 
　（二）使用年限超过1年； 
　（三）单位价值较高。"
金融企业什么情况下需要计提长期投资减值准备？,"　　根据《财政部关于印发〈金融企业会计制度〉的通知》（财会〔2001〕49号）第四十九条规定：金融企业应当在期末对长期投资、固定资产、无形资产逐项进行检查。
　　如果由于市价持续下跌、被投资单位经营状况恶化，导致其可收回金额低于其账面价值的，应当计提长期投资减值准备；如果由于技术陈旧、损坏、长期闲置等原因，导致其可收回金额低于其账面价值的，应当计提固定资产减值准备；如果由于新技术的产生等原因，导致其可收回金额低于其账面价值的，应当计提无形资产减值准备。
　　本制度所称的可收回金额，是指资产的销售净价与预期从该资产的持续使用和使用寿命结束时的处置中形成的预计未来现金流量的现值两者之中的较高者。其中，销售净价是指资产的 销售价格减去所发生的资产处置费用后的余额。 
　　长期投资、固定资产和无形资产减值准备，应按单项项目计提。"
委托代销商品的核算,"　　1．将委托代销的商品发交受托代销单位
　　借：委托代销商品
　　　贷：库存商品
　　2．收到代销单位报来的代销清单
　　借：应收账款──代销单位
　　　贷：主营业务收入
　　　　　其他业务收入
　　　　　应交税金──应交增值税(销项税额)
　　计算代销手续费
　　借：营业费用──代销手续费
　　　贷：应收账款──代销单位
　　同时，结转代销商品成本
　　借：主营业务成本
　　　　其他业务支出
　　　贷：委托代销商品
　　收到代销单位代销款项
　　借：银行存款
　　　贷：应收账款──代销单位
　　3．收到受托代销商品
　　采用进价核算的：
　　借：受托代销商品(接收价)
　　　贷：代销商品款
　　采用售价核算的：
　　借：受托代销商品(售价)
　　　贷：代销商品款(接收价)
　　　　　商品进销差价(售价与接收价的差额)
　　4．采取收取手续费方式代销的商品，售出受托代销商品
　　借：银行存款
　　　　应收账款
　　　贷：应交税金──应交增值税(销项税额)
　　　　　应付账款──委托代销单位
　　借：应交税金──应交增值税(进项税额)
　　　贷：应付账款──委托代销单位
　　同时，
　　借：代销商品款(接收价)
　　　　商品进销差价(售价与接收价的差额)
　　　贷：受托代销商品(售价)
　　5．计算代销手续费等收入
　　借：应付账款──委托代销单位
　　　贷：其他业务收入
　　6．支付给委托单位的代销款项
　　借：应付账款──委托代销单位
　　　贷：银行存款
　　7．不采取收取手续费方式代销的商品，售出受托代销商品
　　借：银行存款　　　　应收账软
　　　贷：主营业务收入
　　　　　其他业务收入
　　　　　应交税金──应交增值税(销项税额)
　　结转营业成本时
　　借：主营业务成本(接收价或售价)
　　　　其他业务支出
　　　贷：受托代销商品
　　同时，
　　借：代销商品款(接收价)
　　　　应交税金──应交增值税(进项税额)
　　　贷：应付
　　支付给委托单位的代销款项
　　借：应付账款──委托代销单位
　　　贷：银行存款"
金融企业的在建工程发生报损或毁损时，如何处理？,　　根据《财政部关于印发〈金融企业会计制度〉的通知》（财会〔2001〕49号）第二十六条规定：金融企业的在建工程发生单项或单位工程报废或毁损，减去残料价值和过失人或保险公司等赔款后的净损失，计入继续施工的工程成本；如为非常原因造成的报废或毁损，或在建工程项目全部报废或毁损，应将其净损失直接计入当期营业外支出。
低值易耗品的核算,"　　1．企业购入、自制、委托外单位加工完成并已验收入库的低值易耗品、企业接受的债务人以非现金资产抵偿债务方式取得的低值易耗品、非货币性交易取得的低值易耗品等，以及低值易耗品的清查盘点，比照原材料科目的有关规定进行核算。
　　2．一次推销的低值易耗品，领用时，将其全部价值摊入有关的成本费用
　　借：有关科目
　　　贷：低值易耗品
　　报废时，残料价值冲减有关的成本费用
　　借：原材料等
　　　贷：制造费用
　　　　　管理费用
　　3．分次摊销的低值易耗品，领用时
　　借：待摊费用
　　　　长期待摊费用
　　　贷：低值易耗品
　　摊销时
　　借：有关科目
　　　贷：待摊费用
　　　　　长期待摊费用
　　报废时，残料价值冲减有关的成本费用
　　借：原材料
　　　贷：有关科目"
现金、银行存款的核算,"　　1．收到投资者(或股东)投入的现金股款
　　借：银行存款
　　 贷：实收资本(或股本)
　　　　 资本公积
　　2．收到实现的营业收入
　　借：银行存款
　　 贷：主营业务收入
　　　　 应交税金──应交增值税(销项税额)
　　3．收到应收款项
　　借：银行存款
　　 贷：应收账款
　　　　 应收票据
　　4．因支付内部职工出差等原因所需的现金，按支出凭证所记载的金额
　　借：其他应收款等
　　 贷：现金
　　　　 收到出差人员交回的差旅费剩余款并结算时
　　借：现金(按实际收回的现金)
　　　　管理费用(按应报销的金额).
　　 贷：其他应收款(按实际借出的现金)
　　5．收到银行存款利息：
　　借：银行存款
　　 贷：财务费用
　　6．收回备用金和其他应收暂付款项
　　借：银行存款等
　　 贷：其他应收款
　　7．收到供应单位因不履行合同而赔偿损失的赔款
　　借：银行存款
　　 贷：营业外收入
　　8．交纳税金
　　借：应交税金
　　 贷：银行存款
　　9．交纳其他应交款项
　　借：其他应交款
　　 贷：银行存款
　　10．支付购买物资的价款和运杂费
　　借：物资采购
　　　　应交税金──应交增值税(进项税额)
　　 贷：现金
　　　　 银行存款
　　　　 其他货币资金
　　11．支付供应单位各种款项
　　借：应付账款
　　　　应付票据
　　 贷：银行存款
　　12．支付委托外单位加工物资的加工费和运杂费
　　借：委托加工物资
　　　　应交税金──应交增值税(进项税额)
　　 贷：银行存款等
　　13．支付外购动力费
　　借：应付账款
　　 贷：银行存款
　　14．支付职工工资
　　借：应付工资
　　 贷：现金
　　15．购入不需要安装的固定资产
　　借：固定资产
　　 贷：银行存款
　　16．购入工程用物资
　　借：工程物资(专用材料、专用设备)
　　 贷：银行存款
　　　　 应付账款
　　　　 应付票据
　　　　 为购置大型设备而预付款
　　借：工程物资(预付大型设备款)
　　 贷：银行存款
　　　　 到设备并补付设备价款
　　借：工程物资(专用设备)(设备的实际成本)
　　 贷：工程物资(预付大型设备款)(预付的价款)
　　　　 银行存款(补付的价款)
　　17．拨付备用金
　　借：其他应收款(不单独设置备用金科目核算的企业)
　　　　备用金(单独设置备用金科目核算的企业)
　　 贷：现金
　　　　 银行存款
　　　　 定期补足备用金
　　借：管理费用
　　 贷：现金
　　　　 银行存款
　　18．支付待领工资、暂存款和其他应付款项
　　借：其他应付款
　　 贷：现金
　　　　 银行存款
　　19．支付各项成本、费用
　　借：生产成本
　　　　制造费用
　　　　管理费用
　　　　营业费用
　　　　财务费用
　　　　营业外支出
　　 贷：现金
　　　　 银行存款
　　20、发放现金股利和利润
　　借：应付股利
　　 贷：现金
　　21、按法定程序报经批准减少注册资本的，在实际发还股款或收购股票时
　　借：实收资本(或股本)等
　　 贷：现金
　　　　 银行存款
　　22、中外合作经营企业按规定在合作期间归还投资者的投资时
　　借：已归还投资
　　 贷：银行存款"
金融企业的盈余公积如何核算？,"　　一、根据《财政部关于印发〈金融企业会计制度〉的通知》（财会〔2001〕49号）第八十二条规定：盈余公积分别包括以下内容： 
　　（一）法定盈余公积，是指金融企业按照规定的比例从净利润中提取的盈余公积。 
　　（二）任意盈余公积，是指金融企业经股东大会或类似机构批准按照规定的比例从净利润中提取的盈余公积。 
　　（三）法定公益金，是指金融企业按照规定的比例从净利润中提取的用于职工集体福利设施的公益金。法定公益金用于职工集体福利时，应当将其转入任意盈余公积。
　　金融企业的盈余公积可以用于弥补亏损、转增资本（或股本）。符合规定条件的金融企业，也可以用盈余公积分派现金股利。
　　二、根据《财政部关于印发企业会计准则--应用指南的通知》（财会〔2006〕18号）中四、所有者权益--4101盈余公积的规定：
　　（一）企业按规定提取的盈余公积，借记利润分配--提取法定盈余公积、提取任意盈余公积科目，贷记本科目（法定盈余公积、任意盈余公积）。
　　外商投资企业按规定提取的储备基金、企业发展基金、职工奖励及福利基金，借记利润分配--提取储备基金、提取企业发展基金、提取职工奖励及福利基金科目，贷记本科目（储备基金、企业发展基金）、应付职工薪酬科目。
　　（二）经股东大会或类似机构决议，用盈余公积弥补亏损或转增资本，借记本科目，贷记利润分配--盈余公积补亏、实收资本或股本科目。
　　经股东大会决议，用盈余公积派送新股，按派送新股计算的金额，借记本科目，按股票面值和派送新股总数计算的股票面值总额，贷记股本科目。
　　中外合作经营根据合同规定在合作期间归还投资者的投资，应按实际归还投资的金额，借记实收资本--已归还投资科目，贷记银行存款等科目；同时，借记利润分配--利润归还投资科目，贷记本科目（利润归还投资）。 
　　三、根据《关于＜公司法＞施行后有关企业财务处理问题的通知》（财企200667号）第二条规定；关于公益金余额处理问题：从2006年1月1日起,按照《公司法》组建的企业根据《公司法》第167条进行利润分配,不再提取公益金同时,为了保持企业间财务政策的一致性,国有企业以及其他企业一并停止实行公益金制度。企业对2005年12月31日的公益金结余,转作盈余公积金管理使用公益金赤字,依次以盈余公积金、资本公积金、以前年度未分配利润弥补,仍有赤字的,结转未分配利润账户,用以后年度实现的税后利润弥补。"
企业购入或投资者投入的无形资产的核算,"　　1．购入的无形资产，按实际支付的价款
　　借：无形资产
　　　贷：银行存款等
　　2．投资者投入的无形资产，按投资各方确认的价值
　　借：无形资产
　　　贷：实收资本(或股本)
　　为首次发行股票而接受投资者投入的无形资产，应按该项无形资产在投资方的账面价值
　　　借：无形资产
　　　 贷：实收资本(或股本)"
待摊费用的核算,"　　借：待摊费用
　　　贷：银行存款
　　　　　低值易耗品
　　　　　包装物
　　分期摊销时
　　借：制造费用
　　　　营业费用
　　　　管理费用
　　　　其他业务支出
　　　贷：待摊费用 =""---: """
什么是首次执行企业会计准则？,　　根据《企业会计准则第38号--首次执行企业会计准则》（财会〔2006〕3号）第二条规定：首次执行企业会计准则，是指企业第一次执行企业会计准则体系，包括基本准则、具体准则和会计准则应用指南。
金融企业的哪些固定资产需要计提折旧？,"　　根据《财政部关于印发〈金融企业会计制度〉的通知》（财会〔2001〕49号）第二十八条规定：金融企业下列固定资产应当计提折旧： 
　 （一）房屋和建筑物； 
　 （二）各类设备； 
　 （三）大修理停用的固定资产； 
　 （四）融资租入和以经营租赁方式租出的固定资产。
　　达到预定可使用状态应当计提折旧的固定资产，在年度内办理竣工决算手续的，按照实际成本调整原来的暂估价值，并调整已计提的折旧额，作为调整当月的费用处理。如果在年度内尚未办理竣工决算的，应当按照估计价值暂估入账，并计提折旧；待办理了竣工决算手续后，再按照实际成本调整原来的暂估价值，调整原已计提的折旧额，同时调整年初留存收益各项目。"
盘盈原材料的核算,"　　盘盈的原材料，按照同类或类似存货的市场价格作为实际成本
　　借：原材料 
　　贷：待处理财产损溢──待处理流动资产损溢"
对于有市价或无市场的长期投资，如何判断是否需要计提减值准备？,"　　根据《财政部关于印发〈金融企业会计制度〉的通知》（财会〔2001〕49号）第五十条规定：对有市价的长期投资可以根据下列迹象判断是否应当计提减值准备： 
　 （一）市价持续2年低于账面价值； 
　 （二）该项投资暂停交易1年或1年以上； 
　 （三）被投资单位当年发生严重亏损； 
　 （四）被投资单位持续2年发生亏损； 
　 （五）被投资单位进行清理整顿、清算或出现其他不能持续经营的迹象。
　　第五十一条规定：对无市价的长期投资可以根据下列迹象判断是否应当计提减值准备： 
　 （一）影响被投资单位经营的政治或法律环境的变化，如税收、贸易等法规的颁布或修订，可能导致被投资单位出现巨额亏损； 
　 （二）被投资单位所供应的商品或提供的劳务因产品过时或消费者偏好改变而使市场的 需求发生变化，从而导致被投资单位财务状况发生严重恶化； 
　 （三）被投资单位所在行业的生产技术等发生重大变化，被投资单位已失去竞争能力， 从而导致财务状况发生严重恶化，如进行清理整顿、清算等； 
　 （四）有证据表明该项投资实质上已经不能再给金融企业带来经济利益的其他情形。"
购入物资的核算,"　　1．购入物资
　　(1)购入物资在支付价款和运杂费时
　　借：物资采购
　　　　应交税金──应交增值税(进项税额)
　　　贷：银行存款
　　　　　现金
　　　　　其他货币资金
　　(2)采用商业汇票结算方式的，购入物资在开出、承兑商业汇票时
　　借：物资采购
　　　　应交税金──应交增值税(进项税额)
　　贷：应付票据
　　2．物资已经收到但尚未办理结算手续的，可暂不作会计分录；待办理结算手续后
　　借：物资采购
　　　　应交税金──应交增值税(进项税额)
　　　贷：银行存款
　　　　　现金
　　　　　应付票据
　　　　　应付账款
　　3．收到已经预付货款的物资后
　　借：物资采购
　　　　应交税金──应交增值税(进项税额)
　　　贷：预付账款
　　4．由企业运输部门以自备运输工具，将外购的物资运回企业，计算购入物资应负担的运输费用时
　　借：物资采购
　　　贷：生产成本等
　　5．向供应单位、外部运输机构等收回的物资短缺或其他应冲减物资采购成本的赔偿款项，应根据有关的索赔凭证
　　借：应付账款
　　　　其他应收款
　　　贷：物资采购
　　6．商品流通企业购入商品抵达仓库前发生的包装费：运杂费、运输存储过程中的保险费、装卸费、运输途中的合理损耗和入库前的挑选整理费用等采购费用直接计入当期费用
　　借：营业费用
　　　贷：有关科目
　　7．月份终了，企业应将仓库转来的外购收料凭证，按照材料科目并分别情况进行汇总
　　(1)对于已经付款或已开出、承兑商业汇票的收料凭证(包括本月付款或开出、承兑商业汇票的上月收料凭证)，按计划成本
　　借：原材料
　　　　包装物
　　　　低值易耗品
　　　贷：物资采购
　　实际成本大于计划成本的差异
　　借：材料成本差异
　　　贷：物资采购
　　实际成本小于计划成本的差异
　　借：物资采购
　　　贷：材料成本差异
　　(2)对于尚未收到发票账单的收料凭证，应当分别材料科目，抄列清单，并按计划成本暂估入账
　　借：原材料
　　　　包装物
　　　　低值易耗品
　　　贷：应付账款──暂估应付账款
　　下月付款或开出、承兑商业汇票后
　　借：物资采购
　　　　应交税金──应交增值税(进项税额)
　　　贷：银行存款
　　　　　应付票据
　　(3)对于发票账单已到，但尚未付款或尚未开出、承兑商业汇票的收料凭证，或虽然发票账单未到，但根据合同、随货同行发票等能够计算并确定实际成本的收料凭证，按实际成本
　　借：物资采购
　　　　应交税金──应交增值税(进项税额)
　　　贷：应付账款
　　按计划成本
　　借：原材料
　　　　包装物
　　　　低值易耗品
　　　贷：物资采购
　　8．商品流通企业采用进价核算收到的商品
　　借：库存商品
　　　贷：物资采购
　　采用售价核算的商品
　　借：库存商品
　　　贷：物资采购
　　　　　商品进销差价
　　月份终了，对于尚未收到发票账单的收到商品的凭证，应当分别商品科目，抄列清单，并按应付给供应单位的价款暂估入账
　　借：库存商品
　　　贷：应付账款──暂估应付账款
　　下月付款或开出、承兑商业汇票后
　　借：物资采购
　　　　应交税金──应交增值税(进项税额)
　　　贷：银行存款
　　　　　应付票据
　　对于发票账单已到，但尚未付款或尚未开出、承兑商业汇票的收到商品的凭证
　　借：物资采购(进价)
　　　　应交税金──应交增值税(进项税额)
　　　贷：应付账款
　　采用进价核算的商品应同时按进价
　　借：库存商品
　　　贷：物资采购
　　采用售价核算的商品
　　借：库存商品(售价)
　　　贷：物资采购(进价)
　　　　　商品进销差价
　　9．小规模纳税人以及购入物资不能取得增值税专用发票的企业，购入物资
　　借：物资采购
　　　贷：银行存款
　　　　　应付账款
　　　　　应付票据
　　10．购入并已验收入库的原材料
　　借：原材料
　　　贷：物资采购
　　同时，结转材料成本差异，实际成本大于计划成本的差异
　　借：材料成本差异
　　　贷：物资采购
　　实际成本小于计划成本的差异
　　借：物资采购
　　　贷：材料成本差异"
金融企业的长期股权投资的处置应如何进行核算？,　　根据《财政部关于印发〈金融企业会计制度〉的通知》（财会〔2001〕49号）第十六条规定：处置股权投资时，应将投资的账面价值与实际取得价款等的差额，作为当期投资损益。
发外加工物资的核算," =""---: ""　　1．发给外单位加工的物资
　　借：委托加工物资
　　　贷：原材料
　　　　　库存商品
　　2．支付加工费用、应负担的运杂费等
　　借：委托加工物资
　　　　应交税金──应交增值税(进项税额)
　　　贷：银行存款等
　　3．需要交纳消费税的委托加工物资，收回后直接用于销售的，应将受托方代收代交的消费税计入委托加工物资成本
　　借：委托加工物资
　　　贷：应付账款
　　　　　银行存款
　　4．收回后用于连续生产的物资，按规定准予抵扣的，按受托方代收代交的消费税
　　借：应交税金──应交消费税
　　　贷：应付账款
　　　　　银行存款
　　5．采用实际成本核算的企业，收到加工完成验收入库的物资和剩余物资
　　借：原材料
　　　　库存商品
　　　贷：委托加工物资
　　6．采用计划成本或售价核算的企业，收到加工完成验收入库的物资和剩余物资：
　　借：原材料
　　　　库存商品
　　　　材料成本差异(或商品进销差价)(计划成本或售价小于实际成本的差额)
　　　贷：委托加工物资
　　　　　材料成本差异(或商品进销差价)(计划成本或售价大于实际成本的差额)"
投资者投入的短期投资的核算,"　　投资者投入的短期投资，按照投资各方确认的价值
　　借：短期投资──股票、债券、基金
　　　贷：实收资本等"
对于或有资产应怎样披露？," 
　　根据《企业会计制度》(财会〔2000〕25号)第一百四十六条规定：或有资产一般不应当在会计报表附注中披露。但或有资产很可能会给企业带来经济利益时，应当在会计报表附注中披露其形成的原因；如果能够预计其产生的财务影响，还应当作相应披露。 
　　在涉及未决诉讼、仲裁的情况下，按本章规定如果披露全部或部分信息预期会对企业造成重大不利影响，则企业无需披露这些信息，但应披露未决诉讼、仲裁的形成原因。"
商品流通企业库存商品的核算,"　　1．采用进价核算的企业
　　购入的商品到达验收入库后
　　借：库存商品
　　　贷：物资采购(或在途物资)等
　　　　　委托外单位加工收回的商品
　　借：库存商品
　　　贷：委托加工物资
　　　　　结转发出商品的成本
　　借：主营业务成本
　　　贷：库存商品
　　2．采用售价核算的企业
　　购入的商品到达验收入库后：
　　借：库存商品
　　　贷：物资采购(或在途物资)等
　　　　　商品进销差价
　　委托外单位加工收回的商品
　　借：库存商品
　　　贷：委托加工物资
　　　　　商品进销差价
　　结转发出商品的成本
　　借：主营业务成本
　　　贷：库存商品
　　月度终了，应按商品进销差价率计算分摊本月已销商品应分摊的进销差价
　　借：商品进销差价
　　　贷：主营业务成本"
包装物的核算,"　　1．企业购入、自制、委托外单位加工完成验收入库的包装物、企业接受的债务人以非现金资产抵偿债务方式取得的包装物、非货币性交易取得的包装物等，以及对包装物的清查盘点，比照原材料科目的有关规定进行核算。
　　2．生产领用包装物
　　借：生产成本等
　　　贷：包装物
　　3．随同商品出售但不单独计价的包装物
　　借：营业费用
　　　贷：包装物
　　4．随同商品出售并单独计价的包装物
　　借：其他业务支出
　　　贷：包装物
　　5．出租、出借包装物，在第一次领用时应结转成本
　　借：其他业务支出(出租包装物)
　　　　营业费用(出借包装物)
　　　贷：包装物
　　6．收到出租包装物的租金
　　借：现金
　　　　银行存款
　　　贷：其他业务收入等
　　7．收到出租、出借包装物的押金
　　借：现金
　　　　银行存款
　　　贷：其他应付款
　　退回押金作相反会计分录
　　8．逾期未退包装物
　　借：其他应付款(没收的押金)
　　　贷：其他业务收入
　　　　　应交税金──应交增值税(销项税额)
　　9．这部分没收的押金收入应交的税费
　　借：其他业务支出
　　　贷：应交税金──应交消费税等
　　10．逾期未退包装物没收的加收的押金
　　借：其他应付款
　　　贷：应交税金──应交增值税
　　　　　　　　　──应交消费税
　　　　　营业外收入──逾期包装物押金没收收入
　　11．出租、出借包装物报废
　　借：原材料等(残料价值)
　　　贷：其他业务支出(出租包装物)
　　　　　营业费用(出借包装物)
　　12．采用计划成本进行材料日常核算的企业，月度终了，结转生产领用、出售、出租、出借所领用新包装物应分摊的成本差异
　　借：生产成本
　　　　其他业务支出
　　　　营业费用
　　　　待摊费用
　　　贷：材料成本差异
实际成本小于计划成本的差异，用红字登记"
接受债务人以非现金资产抵偿债务方式取得或以非货币性交易取得库存商品的核算,　　企业接受的债务人以非现金资产抵偿债务方式取得的库存商品、非货币性交易取得的库存商品等，比照原材料科目的有关规定进行核算。
存货的确认条件是什么？,　　根据《企业会计准则第 1 号--存货》（财会〔2006〕3号）第四条规定：存货同时满足下列条件的，才能予以确认：（一）与该存货有关的经济利益很可能流入企业；（二）该存货的成本能够可靠地计量。
金融企业的流动资产主要有哪些？,"　　根据《财政部关于印发〈金融企业会计制度〉的通知》（财会〔2001〕49号）第十条规定：流动资产，是指可以在1年内（含1年）变现或耗用的资产。
　　第十一条规定：金融企业的流动资产，主要包括库存现金、存放款项、拆放同业、贴现、应收利息、应收股利、应收保费、应收分保款、应收信托手续费、存出保证金、自营证券、清算备付金、代发行证券、代兑付债券、买入返售证券、短期投资、短期贷款等。 
　　（一）存放款项，是指金融企业在中央银行、其他银行或非银行金融机构存入的用于支付清算、提取及缴存现金的款项，以及按吸收存款的一定比例缴存中央银行的准备金存款等，包括存放中央银行款项和存放同业款项。存放款项，应按实际存放的金额入账。 
　　（二）拆放同业，是指金融企业因资金周转需要而在金融机构之间借出的资金头寸。资金拆放应按实际拆出的金额入账。 
　　（三）贴现，是指金融企业向持有未到期商业汇票的客户或其他金融机构办理贴现的款项。金融企业办理贴现，应按票面金额入账。 
　　（四）应收利息，是指金融企业发放贷款及购买债券等，按照适用利率和计息期限计算应收取的利息以及其他应收取的利息。应收利息应按当期发放贷款本金、购买债券面值等和适用利率计算并确认的金额入账。 
　　（五）应收股利，是指金融企业因股权投资而应收取的现金股利。应收股利应按当期应收金额入账。 
　　（六）应收保费，是指金融企业应向投保人收取但尚未收到的保费。应收保费应按当期应收金额入账。 
　　（七）应收分保款，是指金融企业之间开展分保业务发生的各种应收款项。应收分保款应于收到分保业务账单时，按照分保业务账单标明的金额入账。 
　　（八）应收信托手续费，是指从事信托业务的金融企业应收的各项手续费。应收信托手续费应按当期应收的手续费金额入账。 
　　（九）存出保证金，是指金融企业按规定交存的保证金，包括交易保证金、存出分保准 备金、存出理赔保证金、存出共同海损保证金、存出其他保证金等。存出保证金应按实际存出的金额入账。 
　　（十）自营证券，是指金融企业为了获取证券买卖差价收入而买入的、能随时变现的且持有 期间不准备超过1年或虽不能随时变现但其发行期或购入至到期日的剩余期限不满1年（含1年）的股票、债券、基金和权证等经营性证券。自营证券应当按照清算日买入时的实际成本入账。实际成本包括买入时成交的价款和交纳的相关税费。 
　　（十一）清算备付金，是指从事证券业务的金融企业为证券交易的资金清算与交收而存入指定清算代理机构的款项。清算备付金应按实际交存的金额入账。 
　　（十二）代发行证券，是指金融企业接受委托代理发行的股票、债券等。代发行证券应当按照承销合同规定的价格入账。 
　　（十三）代兑付债券，是指金融企业接受委托代理兑付债券而实际支付或垫付的款项。 代兑付债券应按实际兑付的金额入账。 
　　（十四）买入返售证券，是指金融企业按规定进行证券回购业务而融出的资金。买入返售证券应当按照实际支付的款项入账。 
　　（十五）短期投资，是指能够随时变现并且持有时间不准备超过1年（含1年）的债券等。"
什么是会计差错？,　　根据《企业会计制度》(财会〔2000〕25号)第一百二十一条规定：会计差错，是指在会计核算时，在确认、计量、记录等方面出现的错误。
什么是奖励款？奖励款是否构成合同收入？,　　根据《企业会计准则第15号--建造合同》（财会〔2006〕3号）第十一条规定：奖励款，是指工程达到或超过规定的标准，客户同意支付的额外款项。奖励款同时满足下列条件的，才能构成合同收入：（一）根据合同目前完成情况，足以判断工程进度和工程质量能够达到或超过规定的标准；（二）奖励金额能够可靠地计量。
企业应根据什么原则选择会计政策？,"　　根据《企业会计准则第28号--会计政策、会计估计变更和差错更正》（财会〔2006〕3号）第三条规定：企业应当对相同或者相似的交易或者事项采用相同的会计政策进行处理。但是，其他会计准则另有规定的除外。
　　会计政策，是指企业在会计确认、计量和报告中所采用的原则、基础和会计处理方法。基础和会计处理方法。
　　根据《＜企业会计准则第28号--会计政策、会计估计变更和差错更正＞应用指南》（财会〔2006〕18号）第二条规定：企业采用的会计计量基础也属于会计政策。"
国家机关、事业单位承受的房产是否缴纳契税？,"　　根据《中华人民共和国契税暂行条例》（国务院令第224号）第六条第一项规定：有下列情形之一的，减征或者免征契税： 
　　（一）国家机关、事业单位、社会团体、军事单位承受土地、房屋用于办公、教学、医疗、科研和军事设施的，免征。"
个人互换住房是否缴纳土地增值税？,"　　 根据《财政部 国家税务总局关于土地增值税一些具体问题规定的通知》（财税字〔1995〕48号）文件规定： 
　　五、关于个人互换住房的征免税问题 
　　对个人之间互换自有居住用房地产的，经当地税务机关核实，可以免征土地增值税。 "
合作建房如何缴纳土地增值税？,"　　根据《财政部 国家税务总局关于土地增值税一些具体问题规定的通知》（财税字〔1995〕48号）规定：二、关于合作建房的征免税问题 
　　对于一方出地，一方出资金，双方合作建房，建成后按比例分房自用的，暂免征收土地增值税；建成后转让的，应征收土地增值税。 "
非居民企业销售货物，如何确定所得来源地？,
